cadu,994123999,cadu@gmail.com,Rua 1
maria,997964324,maria@gmail.com,Rua 2
jorge,997963123,jorge@gmail.com,Rua 1
pericles,997964324,pericles@gmail.com,Rua 5
carlos,999912399,carlos@gmail.com,Rua 3
eduardo,9991433999,eduardo@gmail.com,Rua 5
almeida,9999993213,almeida@gmail.com,Rua 2
